{
  "result": [
    {
      "body": "XVIDEOS.RED Ad-free version of XVIDEOS + thousands of exclusive additional full videos + unlimited HD downloads and more. One week free trial available! If your country blocks porn sites to protect children, xvideos.red will still let you in (provided you are an adult).",
      "href": "https://xvideos.co/",
      "title": "Xvideos.com - Free XXX Porn Videos"
    },
    {
      "body": "18,918 Amateur videos found on XVIDEOS. 720p 6 min. (Amateur) Swinger sex on the real nude beach. 1080p 6 min. Amateur beach threesome on the beach. 720p 13 min. Primeiro amador da novinha negra sem camsinhab. 720p 6 min.",
      "href": "https://it.xvideos.com/c/Amateur-65",
      "title": "Amateur videos - XVIDEOS.COM"
    },
    {
      "body": "XVideos.com is a free hosting service for porn videos. We convert your files to various formats. You can grab our 'embed code' to display any video on another website. Every video uploaded, is shown on our indexes more or less three days after uploading. About 1200 to 2000 adult videos are uploaded each day (note that gay and shemale videos are ...",
      "href": "https://mobile-xvideos.com/",
      "title": "Free Porn Videos - XVIDEOS.COM"
    },
    {
      "body": "XVideos, stylized as XVIDEOS, is a pornographic video sharing and viewing website. Founded in Paris in 2007, the website is now registered to the Czech company WGCZ Holding. As of September 2022, it is the most visited pornographic website and the tenth most visited website in the world.. WGCZ Holding also owns Bang Bros, DDF Network, Penthouse magazine, Private Media Group, and Erogames and ...",
      "href": "https://en.wikipedia.org/wiki/XVideos",
      "title": "XVideos - Wikipedia"
    },
    {
      "body": "XVideos.com is a free hosting service for porn videos. We convert your files to various formats. You can grab our 'embed code' to display any video on another website. Every video uploaded, is shown on our indexes more or less three days after uploading. About 1200 to 2000 adult videos are uploaded each day (note that gay and shemale videos are ...",
      "href": "https://m-xvideos.com/",
      "title": "Xvideos | Mobile Xvideos | Free Porn Videos | M-XVIDEOS.COM"
    },
    {
      "body": "XVIDEOS Teen videos, free. XVideos.com - the best free porn videos on internet, 100% free.",
      "href": "https://de.xvideos.com/c/Teen-13",
      "title": "Teen videos - XVIDEOS.COM"
    },
    {
      "body": "xvideos.com Lastfiledate 1461133470 Mediatype collection Pages 49562 Public-format Metadata Collection Header JPEG JPEG Thumb PNG Animated GIF Item Tile Publicdate 2011-10-25 18:59:05 Scancenter sanfrancisco Sponsor Internet Archive Title xvideos.com. Show More. Created on. October 25 2011 . Aaron Ximm Archivist.",
      "href": "https://archive.org/details/xvideos.com",
      "title": "xvideos.com : Free Web : Free Download, Borrow and Streaming : Internet ..."
    },
    {
      "body": "Xvideos XL",
      "href": "https://xvideosxl.com/",
      "title": "Xvideos XL"
    },
    {
      "body": "xvideos99.com is website watch porn without proxy and vpn free 100%.You can grab our 'embed code' to display any video on another website. you can watch xvideo.com sex movies in our site completely free and without many annoying ads, we dont post bullshit clips at all, we only post videos on the site best sex video mift bengali. , We always try our best to provide you with a very good and fast ...",
      "href": "https://xvideos099.com/",
      "title": "Xvideos | Xvideos India"
    },
    {
      "body": "Free Porn Videos - XVIDEOS.COM. 1080p. Littleangel84 - Je me fais enculer dans un parc public \u00e0 Lyon - Teaser S05E01. 20 min Littleangel84 - 25.4k Views -. 1080p. Sex with the bride on the wedding night. 10 min Made In France - 106.3k Views -. 1080p. He caught his black stepsister fucking a dildo in the shower - ebony porn.",
      "href": "https://xvideos-jav.com/",
      "title": "Free Porn Videos - XVIDEOS.COM"
    },
    {
      "body": "Webcam Models Wanted! Webcam modeling with XVideos Cams is an exciting way to make good money from the comfort and safety of your home. All you need is a webcam, a computer, a stable internet connection, and your sexy flirtatious self.. GET STARTED TODAY.",
      "href": "https://cams.xvideos.com/",
      "title": "XVideos Cams"
    },
    {
      "body": "Go to xvideos.com on computer browser and copy the URL of target video you plan to download. Visit this Free Xvideos Downloader page and paste the video URL before pressing Enter key. Right click the Download button to click \"Save Link (Target)\" as button on pop-up menu.",
      "href": "https://www.xvideosdownloader.org/",
      "title": "Free Xvideos Downloader Online - Download Videos from Xvideos.com For Free"
    },
    {
      "body": "Xvideos.casa will delight you with huge categories - for everyone there are high-quality xvideos busty XXX videos that can drive you crazy. No need to register on the site - Xvideos.casa provides unlimited access to xvideos busty porn archives. Free high-quality xvideos busty porn videos will delight the visitor with any preference.",
      "href": "https://xvideos.casa/",
      "title": "Busty Xvideos Porn & Extreme Huge Boobs Videos - Xvideos"
    },
    {
      "body": "XVideos.com is a free hosting service for porn videos. We convert your files to various formats. You can grab our 'embed code' to display any video on another website. Every video uploaded, is shown on our indexes more or less three days after uploading. About 1200 to 2000 adult videos are uploaded each day (note that gay and shemale videos are ...",
      "href": "https://www.xvideos.com/",
      "title": "Free Porn Videos - XVIDEOS.COM"
    },
    {
      "body": "Sexual orgasms with a beautiful girl. Moans. 1.6k 81% 5min - 1080p. 50,673 www xvideo com premium videos on XNXX.GOLD.",
      "href": "https://www.xnxx.com/search/www+xvideo+com",
      "title": "'www xvideo com' Search - XNXX.COM"
    },
    {
      "body": "XVideos-JP.com \u691c\u95b2\u3092\u5fc3\u914d\u305b\u305a\u306b\u7d20\u6674\u3089\u3057\u3044XVIDEOS\u30dd\u30eb\u30ce\u3092\u898b\u308b\u306e\u306b\u5f79\u7acb\u3064\u7121\u6599\u306e\u30a6\u30a7\u30d6\u30b5\u30a4\u30c8\u3067\u3059\u3002 \u6700\u9ad8\u306exvideos.com\u6620\u753b\u3092\u6bce\u65e5\u66f4\u65b0\u3057\u307e\u3059\u3002 \u3042\u306a\u305f\u306f\u3042\u306a\u305f\u306e\u30a6\u30a7\u30d6\u30b5\u30a4\u30c8\u306b\u8ffd\u52a0\u3059\u308b\u305f\u3081\u306b\u300c\u57cb\u3081\u8fbc\u307f\u30b3\u30fc\u30c9\u300d\u3092\u5f97\u308b\u3053\u3068\u304c\u3067\u304d\u307e\u3059. \u30a2\u30c3\u30d7\u30ed\u30fc\u30c9\u3055\u308c\u305f\u5404\u52d5\u753b ...",
      "href": "https://xvideos-jp.com/",
      "title": "\u65e5\u672c\u306e\u30a2\u30c0\u30eb\u30c8\u52d5\u753b / Porn in Japanese - XVIDEOS.COM"
    },
    {
      "body": "1.2M 100% 13min - 720p. 5,379 xvideos premium videos on XNXX.GOLD. Bruno H0t. Brun\u00e3o em sua namorada. 4.6k 6min - 720p.",
      "href": "https://www.xnxx.com/search/xvideos",
      "title": "'xvideos' Search - XNXX.COM"
    },
    {
      "body": "Unique XVideos featuring zoo porn and animals fucking in HQ. Best bestiality porn tube with free XXX videos, daily updates, fresh zoophilia porn and full-length movies! Zoo-Xvideos.com. Best Videos; Last Added Videos; Long Videos; Popular Videos / 1-33 of 6484 14:44. 1 year ago 4178151 77%. 05:19. 2 months ago 375136 82%.",
      "href": "https://zoo-xvideos.com/index.html",
      "title": "XVIDEOS Animal Porn Tube. Zoo XXX by XVIDEOS.COM"
    },
    {
      "body": "has been busy studying for her exams there's been no time for cock, he find her sleeping and runs his hands along her body and sticks his face between her cheeks, slowly getting the juices flowing so that she awakens horny and begging for his cock.",
      "href": "https://twitter.com/xvideoscom",
      "title": "XVIDEOS (@xvideoscom) / Twitter"
    },
    {
      "body": "Xvideos.Party offers free porn videos for our users across the globe. You can find the best XXX sex videos of horny girls, mature ladies, MILF, stepmother, stepsister and teen girlfriend here. Each video we serve you is sourced from various sources on the Internet. At Xvideos we have zero tolerance policy for all illegal pornography material ...",
      "href": "https://xvideos.party/",
      "title": "Xvideos - Free porn videos"
    }
  ]
}